"","Soil.Series","Database","County, State","Latitude","Longitude"
"1","Darien","NRCS","Crawford, PA","41.8386955","-80.4513092"
"2","Haxtun","NRCS","Morgan, CO","40.4632759","-103.5596085"
"3","Bresser","NRCS","Morgan, CO","40.1540833","-104.0451355"
"4","Talbott","CSiTE","Williamson, TN","35.9","-86.9"
"5","Winfield","CSiTE","Lincoln, MO","39.1566667","-90.7827778"
"6","Lanton","NRCS","Neosho, KS","37.5102768","-95.1077805"
"7","Arispe","NRCS","Decatur, IA","40.865925","-93.7502417"
"8","Chetek","CSiTE","WI","45.288887","-92.4330521"
"9","Rockaway","SERDP","Bergen, NJ","41.0513878","-74.1613922"
"10","Gilpin","NA","NA","37.6916667","-81.675"
"11","Mantachie","NA","NA","32.1569443","-95.2555542"
"12","Cuthbert","CSiTE","Smith, TX","32.4916649","-95.476387"
"13","Cecil","CSiTE","Dekalb, GA","33.646389","-84.1838913"
"14","Orangeburg","NA","NA","33.1130562","-82.4283371"
"15","Bladen","NRCS","Liberty, GA","31.755188","-81.5373383"
"16","Wakeland","SERDP","Jasper, IL","38.8791656","-88.3372192"
"17","Memphis","CSiTE","Gibson, TN","36.0005569","-89.1744461"
"18","Dennis","SERDP","Labette, KS","37.0183334","-95.1208344"
"19","Troup","NA","NA","31.9902782","-84.4069443"
"20","Luverne","CSiTE","Wilcox, AL","31.8724995","-87.2447205"
"21","Colo","CSiTE","Moultrie, IL","39.6950378","-88.6631088"
"22","Hayesville","NA","NA","35.5280571","-82.5794449"
"23","Bearden","NRCS","Walsh, ND","48.2661095","-97.3236084"
"24","Marshan","NRCS","Buchanan, IA","42.5419426","-92.0116653"
"25","Apalona","NRCS","Perry, IN","38.0106735","-86.5759048"
"26","Zanesville","NRCS","Spencer, IN","38.0115318","-86.8652496"
"27","Muir","NRCS","Republic, KS","39.8996925","-97.8147202"
"28","Voca","Lab","McCulloch, TX","30.9507618","-99.1915665"
"29","Acove","NRCS","McCulloch, TX","31.0030804","-99.1812363"
"30","Angola","SERDP","NY","42.8","-76.8"
"31","Sibley","SERDP","Clay, MS","39.2333679","-94.3668976"
"32","Paducah","NRCS","Stonewall, TX","33.0094452","-100.4316635"
"33","Riverview","CSiTE","Macon, AL","32.4552765","-85.6611099"
"34","Susquehanna","CSiTE","George, MS","30.9424992","-88.6844406"
"35","Plainfield","CSiTE","Peoria, IL","44.1180573","-89.5463867"
"36","Crosby","NA","NA","40.0950012","-85.5477753"
"37","Clarion","NA","NA","41.9925003","-93.7080536"
"38","Weikert","SERDP","NA","39.9225006","-77.7555542"
"39","Blount","NA","NA","41.565834","-85.6755524"
"40","Pullman","NA","NA","34.9","-102.6"
"41","Edalgo","NRCS","Cloud, KS","39.3514404","-97.5938797"
"42","Pawnee","NRCS","Lancaster, NB","40.6959724","-96.8552246"
"43","Aksarben","NRCS","Lancaster, NB","40.8450012","-96.5615005"
"44","Malmo","NRCS","Lancaster, NB","40.8690262","-96.7943573"
"45","Lagonda","NRCS","Lucas, IA","41.0533333","-93.480835"
"46","Brewback","NRCS","York, SC","34.8700294","-81.1437759"
"47","Longford","NRCS","Washington, KS","39.7811928","-97.0597763"
"48",NA,NA,NA,"37.8024101","-96.8833618"
"49","Marlette","CSiTE","Gratiot, MI","43.3","-84.6"
"50","Nester","CSiTE","Iosco, MI","44.4","-83.6"
"51","Barnard","CSiTE","Modoc, CA","41.6","-120.7"
"52","Labette","NRCS","Butler, KS","37.799999999999997","-96.8"
"53","Fullerton","Ridge","Blount, TN","35.700000000000003","-83.9"
"54","Allen","Ridge","Roane, TN","35.799999999999997","-84.5"
"55","Armuchee","Ridge","Anderson, TN","36.1","-84.2"
"56","Armuchee-9","Ridge","Anderson, TN","36.1","-84.2"
"57","Bodine","Ebis","local","36","-87.8"
"58","Calvin","Ebis","NA","39.9","-78.099999999999994"
"59","Claiborne","Ridge","Anderson, TN","36.1","-84.2"
"60","Collegedale","Ridge","Anderson, TN","36.1","-84.2"
"61","Drummer","SERDP","Kane, IL","39.200000000000003","-90.3"
"62","Grenada","Milan","Gibson, TN","35.9","-88.8"
"63","Holston","Ridge","Anderson, TN","36.1","-84.2"
"64","Jefferson","Ridge","Anderson, TN","36.1","-84.2"
"65","Lawrence","SERDP","NA","38.700000000000003","-85.1"
"66","Lehew","Ridge","Anderson, TN","36.1","-84.2"
"67","Lenberg","SERDP","Perry, IN","38.1","-86.6"
"68","Norfolk","CSiTE","Gratiot, MI","43.3","-84.6"
"69","San Ysidro","SERDP","Napa, CA","38.299999999999997","-122.3"
"70","Towaliga","SERDP","Butts, GA","33.299999999999997","-84"
"71","Unclassified","NA","NA",NA,NA
"72","Westphalia","SERDP","Prince George's, MD","38.799999999999997","-76.8"
"73","Wolftever","Ridge","Anderson, TN","36.1","-84.2"
